"time","anomaly"
19811104,0.114222,
19811111,0.0279905,
19811118,0.0384841,
19811125,0.145103,
19811202,0.210751,
19811209,0.0709667,
19811216,-0.00238128,
19811223,-0.0870266,
19811230,-0.0988569,
19820106,-0.193462,
19820113,-0.0854961,
19820120,-0.0308082,
19820127,-0.254583,
19820203,-0.320111,
19820210,-0.229902,
19820217,-0.175079,
19820224,-0.172965,
19820303,-0.188931,
19820310,-0.199138,
19820317,-0.240973,
19820324,-0.198224,
19820331,-0.187846,
19820407,-0.3044,
19820414,-0.51165,
19820421,-0.529554,
19820428,-0.50436,
19820505,-0.519725,
19820512,-0.540866,
19820519,-0.574539,
19820526,-0.580793,
19820602,-0.419053,
19820609,-0.350229,
19820616,-0.464018,
19820623,-0.540033,
19820630,-0.54831,
19820707,-0.455422,
19820714,-0.442079,
19820721,-0.580616,
19820728,-0.700984,
19820804,-0.785394,
19820811,-0.890842,
19820818,-0.842829,
19820825,-0.879766,
19820901,-0.823771,
19820908,-0.636935,
19820915,-0.578638,
19820922,-0.440205,
19820929,-0.349613,
19821006,-0.365348,
19821013,-0.362506,
19821020,-0.316795,
19821027,-0.261854,
19821103,-0.31994,
19821110,-0.452952,
19821117,-0.501494,
19821124,-0.348851,
19821201,-0.308318,
19821208,-0.346065,
19821215,-0.34617,
19821222,-0.318586,
19821229,-0.243809,
19830105,-0.0938385,
19830112,0.190951,
19830119,0.258176,
19830126,0.172952,
19830202,0.161052,
19830209,0.242542,
19830216,0.19857,
19830223,0.131189,
19830302,0.0148107,
19830309,-0.059439,
19830316,-0.14173,
19830323,-0.274474,
19830330,-0.267545,
19830406,-0.255661,
19830413,-0.426124,
19830420,-0.330509,
19830427,-0.324482,
19830504,-0.434659,
19830511,-0.46171,
19830518,-0.65962,
19830525,-0.744029,
19830601,-0.733663,
19830608,-0.744592,
19830615,-0.742931,
19830622,-0.554982,
19830629,-0.471436,
19830706,-0.652939,
19830713,-0.724135,
19830720,-0.56189,
19830727,-0.425947,
19830803,-0.359491,
19830810,-0.386098,
19830817,-0.325259,
19830824,-0.344236,
19830831,-0.318936,
19830907,-0.230508,
19830914,-0.168408,
19830921,-0.21369,
19830928,-0.364721,
19831005,-0.45265,
19831012,-0.395816,
19831019,-0.368199,
19831026,-0.246272,
19831102,-0.19284,
19831109,-0.157075,
19831116,-0.0576544,
19831123,0.00352769,
19831130,-0.0436978,
19831207,0.159334,
19831214,0.271662,
19831221,0.171912,
19831228,0.21676,
19840104,0.188734,
19840111,0.374022,
19840118,0.465064,
19840125,0.489419,
19840201,0.537214,
19840208,0.419066,
19840215,0.428706,
19840222,0.55571,
19840229,0.571555,
19840307,0.628058,
19840314,0.589009,
19840321,0.480185,
19840328,0.354684,
19840404,0.326809,
19840411,0.261438,
19840418,0.272659,
19840425,0.468229,
19840502,0.437123,
19840509,0.254809,
19840516,0.0775692,
19840523,0.0882827,
19840530,0.231351,
19840606,0.30666,
19840613,0.436789,
19840620,0.476014,
19840627,0.374904,
19840704,0.312159,
19840711,0.197949,
19840718,0.290544,
19840725,0.341383,
19840801,0.285198,
19840808,0.357957,
19840815,0.496483,
19840822,0.74001,
19840829,0.771427,
19840905,0.638087,
19840912,0.532885,
19840919,0.507344,
19840926,0.63666,
19841003,0.524647,
19841010,0.320377,
19841017,0.3422,
19841024,0.375685,
19841031,0.340766,
19841107,0.200481,
19841114,0.205973,
19841121,0.250585,
19841128,0.145785,
19841205,0.0169714,
19841212,0.156348,
19841219,0.331012,
19841226,0.213291,
19850102,0.148592,
19850109,0.214772,
19850116,0.263934,
19850123,0.234504,
19850130,0.293654,
19850206,0.440908,
19850213,0.418465,
19850220,0.223698,
19850227,0.216186,
19850306,0.155448,
19850313,0.0454824,
19850320,-0.042258,
19850327,0.00574398,
19850403,0.144063,
19850410,-0.0211321,
19850417,-0.120789,
19850424,0.0199745,
19850501,0.0454702,
19850508,0.0121506,
19850515,0.0265979,
19850522,0.0284705,
19850529,0.00117003,
19850605,-0.125861,
19850612,-0.139588,
19850619,-0.0817362,
19850626,-0.048002,
19850703,-0.0986048,
19850710,-0.15004,
19850717,-0.0150836,
19850724,0.171458,
19850731,0.105957,
19850807,-0.000646027,
19850814,0.135194,
19850821,0.0432542,
19850828,-0.0666768,
19850904,-0.065034,
19850911,-0.110484,
19850918,-0.0734055,
19850925,-0.0793588,
19851002,-0.0221096,
19851009,0.0606269,
19851016,0.169034,
19851023,0.13516,
19851030,0.115461,
19851106,0.155284,
19851113,0.185191,
19851120,0.136784,
19851127,0.114818,
19851204,0.109225,
19851211,-0.0237774,
19851218,0.0468793,
19851225,0.0237203,
19860101,-0.13255,
19860108,-0.260804,
19860115,-0.0499699,
19860122,0.112995,
19860129,0.164707,
19860205,0.253613,
19860212,0.242061,
19860219,0.301361,
19860226,0.252075,
19860305,0.219298,
19860312,0.191805,
19860319,0.220893,
19860326,0.246779,
19860402,0.201494,
19860409,0.202784,
19860416,0.0476141,
19860423,0.0484793,
19860430,0.183421,
19860507,0.179571,
19860514,0.143591,
19860521,0.0972227,
19860528,0.216797,
19860604,0.333602,
19860611,0.178087,
19860618,0.146301,
19860625,0.218668,
19860702,0.183191,
19860709,0.10926,
19860716,0.0748806,
19860723,-0.135681,
19860730,-0.108716,
19860806,0.0442216,
19860813,0.0766538,
19860820,0.103024,
19860827,0.124462,
19860903,0.139711,
19860910,0.174199,
19860917,0.0903376,
19860924,0.0483268,
19861001,-0.0148397,
19861008,-0.0651098,
19861015,0.042932,
19861022,0.0207124,
19861029,-0.0500125,
19861105,-0.105201,
19861112,-0.0929256,
19861119,-0.148766,
19861126,-0.311898,
19861203,-0.259369,
19861210,-0.0686044,
19861217,0.0434461,
19861224,-0.0634001,
19861231,-0.107761,
19870107,-0.130011,
19870114,-0.2892,
19870121,-0.158583,
19870128,-0.0126419,
19870204,-0.010353,
19870211,-0.0541141,
19870218,-0.0956999,
19870225,-0.0974697,
19870304,-0.0497937,
19870311,0.162116,
19870318,-0.128466,
19870325,-0.199433,
19870401,0.194384,
19870408,0.273518,
19870415,0.0213276,
19870422,-0.128181,
19870429,-0.152805,
19870506,0.0247678,
19870513,0.117732,
19870520,0.153816,
19870527,0.348562,
19870603,0.384572,
19870610,0.293095,
19870617,0.127967,
19870624,0.0331726,
19870701,0.226394,
19870708,0.2929,
19870715,0.201921,
19870722,0.159214,
19870729,0.102668,
19870805,0.123357,
19870812,0.122988,
19870819,0.084622,
19870826,0.0696944,
19870902,0.144759,
19870909,0.127061,
19870916,0.0732508,
19870923,0.0830422,
19870930,0.0637649,
19871007,0.172825,
19871014,0.227749,
19871021,0.198297,
19871028,0.340696,
19871104,0.571381,
19871111,0.531838,
19871118,0.460633,
19871125,0.416096,
19871202,0.294722,
19871209,0.211163,
19871216,0.278569,
19871223,0.124448,
19871230,0.193159,
19880106,0.523581,
19880113,0.499356,
19880120,0.592644,
19880127,0.538358,
19880203,0.371478,
19880210,0.499432,
19880217,0.525035,
19880224,0.376249,
19880302,0.353126,
19880309,0.504226,
19880316,0.537561,
19880323,0.565455,
19880330,0.748989,
19880406,0.689236,
19880413,0.455414,
19880420,0.412757,
19880427,0.29831,
19880504,0.307374,
19880511,0.445039,
19880518,0.757379,
19880525,0.815686,
19880601,0.6943,
19880608,0.642267,
19880615,0.548191,
19880622,0.55084,
19880629,0.520433,
19880706,0.476512,
19880713,0.460512,
19880720,0.405068,
19880727,0.234409,
19880803,0.153784,
19880810,0.278811,
19880817,0.468254,
19880824,0.32968,
19880831,0.238576,
19880907,0.15005,
19880914,-0.0206463,
19880921,-0.00773791,
19880928,0.168151,
19881005,0.100519,
19881012,0.134929,
19881019,0.331774,
19881026,0.132048,
19881102,-0.0469103,
19881109,0.0655485,
19881116,0.00461647,
19881123,-0.0805583,
19881130,0.0649148,
19881207,0.135258,
19881214,0.0249343,
19881221,-0.0271007,
19881228,0.198704,
19890104,0.260236,
19890111,0.471111,
19890118,0.642433,
19890125,0.564233,
19890201,0.352532,
19890208,0.225442,
19890215,0.127951,
19890222,0.236401,
19890301,0.393503,
19890308,0.246931,
19890315,0.044058,
19890322,0.307169,
19890329,0.392801,
19890405,0.231168,
19890412,0.238841,
19890419,0.267704,
19890426,0.294218,
19890503,0.291957,
19890510,0.307594,
19890517,0.310972,
19890524,0.235621,
19890531,0.108223,
19890607,0.185711,
19890614,0.328849,
19890621,0.234305,
19890628,0.0469242,
19890705,0.118987,
19890712,0.160919,
19890719,0.152757,
19890726,0.0604263,
19890802,0.198856,
19890809,0.377715,
19890816,0.446205,
19890823,0.261195,
19890830,0.0515332,
19890906,-0.00544694,
19890913,0.039346,
19890920,0.224134,
19890927,0.217445,
19891004,0.129394,
19891011,0.17689,
19891018,0.199731,
19891025,0.0531003,
19891101,-0.0338767,
19891108,-0.0576764,
19891115,-0.122459,
19891122,-0.256425,
19891129,-0.337511,
19891206,-0.395553,
19891213,-0.491507,
19891220,-0.510491,
19891227,-0.554452,
19900103,-0.648184,
19900110,-0.668281,
19900117,-0.415357,
19900124,-0.52484,
19900131,-0.469851,
19900207,-0.100126,
19900214,0.0531037,
19900221,-0.0975463,
19900228,0.187412,
19900307,0.0207363,
19900314,0.034763,
19900321,0.283762,
19900328,0.304658,
19900404,0.330859,
19900411,0.318317,
19900418,0.220449,
19900425,0.182445,
19900502,-0.291647,
19900509,-0.169469,
19900516,-0.0420301,
19900523,-0.144602,
19900530,0.0321063,
19900606,-0.0973011,
19900613,0.15928,
19900620,0.278873,
19900627,0.0578074,
19900704,-0.130365,
19900711,-0.265445,
19900718,-0.142533,
19900725,-0.0829743,
19900801,-0.258812,
19900808,-0.177797,
19900815,-0.258275,
19900822,-0.290833,
19900829,-0.449574,
19900905,-0.117488,
19900912,-0.222521,
19900919,-0.103908,
19900926,0.212018,
19901003,-0.139819,
19901010,0.00274675,
19901017,0.19613,
19901024,0.161068,
19901031,0.186166,
19901107,0.0755592,
19901114,0.0525895,
19901121,-0.0916204,
19901128,0.312769,
19901205,-0.20949,
19901212,0.311431,
19901219,0.374945,
19901226,0.0664034,
19910102,-0.106637,
19910109,-0.0341829,
19910116,-0.187131,
19910123,-0.236252,
19910130,-0.00262874,
19910206,-0.0681783,
19910213,-0.201299,
19910220,-0.151104,
19910227,-0.0905804,
19910306,0.159478,
19910313,0.067216,
19910320,-0.0938951,
19910327,0.0531907,
19910403,0.137895,
19910410,-0.0584757,
19910417,0.0912091,
19910424,0.400577,
19910501,0.588365,
19910508,0.712027,
19910515,0.349703,
19910522,0.192843,
19910529,0.110279,
19910605,0.250359,
19910612,0.145877,
19910619,0.129485,
19910626,0.0448698,
19910703,-0.256701,
19910710,-0.300349,
19910717,-0.208074,
19910724,-0.0112211,
19910731,-0.191352,
19910807,-0.438446,
19910814,-0.106107,
19910821,-0.159227,
19910828,-0.341702,
19910904,-0.442938,
19910911,-0.536436,
19910918,-0.41675,
19910925,-0.291975,
19911002,-0.370473,
19911009,-0.175515,
19911016,-0.296089,
19911023,-0.595315,
19911030,-0.469461,
19911106,-0.362626,
19911113,-0.501399,
19911120,-0.637985,
19911127,-0.584279,
19911204,-0.500951,
19911211,-0.0706502,
19911218,0.225833,
19911225,-0.123635,
19920101,-0.438003,
19920108,-0.284562,
19920115,-0.121869,
19920122,-0.0133314,
19920129,-0.506168,
19920205,-0.315242,
19920212,-0.196991,
19920219,-0.193971,
19920226,-0.575056,
19920304,-0.249429,
19920311,-0.499825,
19920318,-0.799122,
19920325,-0.826983,
19920401,-0.640099,
19920408,-0.525218,
19920415,-0.886629,
19920422,-0.904879,
19920429,-0.768766,
19920506,-0.999184,
19920513,-0.766536,
19920520,-0.830882,
19920527,-0.80578,
19920603,-1.28737,
19920610,-0.900706,
19920617,-0.967365,
19920624,-0.896177,
19920701,-1.03964,
19920708,-0.894103,
19920715,-0.874345,
19920722,-0.836819,
19920729,-0.574794,
19920805,-0.750303,
19920812,-1.03893,
19920819,-0.895528,
19920826,-0.72792,
19920902,-0.551531,
19920909,-0.883426,
19920916,-0.701191,
19920923,-0.76101,
19920930,-0.515803,
19921007,-0.721934,
19921014,-0.947757,
19921021,-0.739808,
19921028,-0.789473,
19921104,-0.895579,
19921111,-0.78297,
19921118,-0.752156,
19921125,-0.766687,
19921202,-0.943268,
19921209,-0.583119,
19921216,-0.591521,
19921223,-0.831438,
19921230,-0.495663,
19930106,-0.95666,
19930113,-0.520887,
19930120,-0.296404,
19930127,-0.230981,
19930203,0.133402,
19930210,-0.356528,
19930217,-0.621517,
19930224,-0.461377,
19930303,0.0130819,
19930310,-0.427163,
19930317,-0.640806,
19930324,-0.009554,
19930331,0.0566796,
19930407,0.0224578,
19930414,0.173183,
19930421,-0.0539316,
19930428,-0.150037,
19930505,-0.0833536,
19930512,-0.296085,
19930519,-0.22264,
19930526,-0.106172,
19930602,-0.268125,
19930609,0.0236644,
19930616,-0.434409,
19930623,-0.0700277,
19930630,-0.172583,
19930707,-0.0130824,
19930714,-0.0866351,
19930721,-0.20555,
19930728,-0.110985,
19930804,-0.451452,
19930811,-0.10632,
19930818,-0.25229,
19930825,-0.121478,
19930901,0.213598,
19930908,0.45827,
19930915,0.206436,
19930922,0.299903,
19930929,0.679326,
19931006,0.63876,
19931013,0.337872,
19931020,0.153073,
19931027,0.409111,
19931103,0.653485,
19931110,0.647106,
19931117,0.601892,
19931124,0.584319,
19931201,0.347301,
19931208,0.45896,
19931215,0.429024,
19931222,0.706105,
19931229,0.364543,
19940105,0.111249,
19940112,0.127294,
19940119,0.101256,
19940126,0.15894,
19940202,-0.0321982,
19940209,-0.109556,
19940216,-0.0689504,
19940223,0.0435211,
19940302,0.0179153,
19940309,-0.160408,
19940316,0.0247088,
19940323,0.601553,
19940330,0.465723,
19940406,0.679762,
19940413,0.16113,
19940420,0.0253256,
19940427,0.130221,
19940504,0.244207,
19940511,0.135839,
19940518,0.0961841,
19940525,0.191524,
19940601,0.135482,
19940608,-0.25973,
19940615,-0.109363,
19940622,-0.173293,
19940629,-0.538308,
19940706,-0.501142,
19940713,-0.636427,
19940720,-0.260806,
19940727,-0.538074,
19940803,-0.467975,
19940810,-0.167421,
19940817,-0.0271669,
19940824,-0.305513,
19940831,-0.311281,
19940907,-0.266313,
19940914,-0.329745,
19940921,-0.386293,
19940928,-0.25117,
19941005,-0.557348,
19941012,-0.308464,
19941019,-0.0922912,
19941026,-0.157922,
19941102,-0.0250843,
19941109,0.151623,
19941116,0.121134,
19941123,0.0987345,
19941130,-0.254527,
19941207,-0.469954,
19941214,0.0273734,
19941221,0.208096,
19941228,0.0376603,
19950104,-0.0839272,
19950111,-0.056236,
19950118,0.280577,
19950125,0.0377892,
19950201,0.0354524,
19950208,0.220362,
19950215,0.489714,
19950222,0.585364,
19950301,0.355815,
19950308,0.471635,
19950315,1.00711,
19950322,0.67594,
19950329,0.496004,
19950405,0.597692,
19950412,0.658939,
19950419,0.768549,
19950426,0.564082,
19950503,0.684967,
19950510,0.717849,
19950517,0.19622,
19950524,0.169408,
19950531,0.600484,
19950607,0.272961,
19950614,0.390416,
19950621,0.482608,
19950628,0.415202,
19950705,0.399896,
19950712,-0.0528677,
19950719,0.229075,
19950726,-0.0898018,
19950802,-0.00805428,
19950809,-0.279562,
19950816,-0.268954,
19950823,-0.0644764,
19950830,-0.262591,
19950906,-0.262741,
19950913,-0.38995,
19950920,-0.252768,
19950927,0.136162,
19951004,-0.240461,
19951011,-0.0438893,
19951018,-0.121376,
19951025,-0.262584,
19951101,-0.560315,
19951108,-0.105449,
19951115,0.0556617,
19951122,-0.0382476,
19951129,-0.186777,
19951206,-0.0317225,
19951213,-0.278346,
19951220,-0.361233,
19951227,-0.0911522,
19960103,0.00500523,
19960110,0.0413032,
19960117,-0.0442532,
19960124,-0.129112,
19960131,0.295392,
19960207,0.297932,
19960214,0.257177,
19960221,0.432186,
19960228,0.44587,
19960306,0.312055,
19960313,-0.136134,
19960320,0.407485,
19960327,0.511233,
19960403,0.357561,
19960410,0.644826,
19960417,0.446744,
19960424,0.585498,
19960501,0.664895,
19960508,0.290382,
19960515,0.528061,
19960522,0.655301,
19960529,0.843546,
19960605,0.559146,
19960612,0.703848,
19960619,0.572563,
19960626,0.421827,
19960703,0.615994,
19960710,0.720733,
19960717,0.369965,
19960724,0.254199,
19960731,0.157248,
19960807,0.198316,
19960814,0.405469,
19960821,0.206253,
19960828,0.233584,
19960904,0.284408,
19960911,0.325403,
19960918,-0.0867138,
19960925,-0.206178,
19961002,-0.118443,
19961009,-0.105986,
19961016,-0.173207,
19961023,-0.0168323,
19961030,0.0770026,
19961106,-0.149416,
19961113,-0.216774,
19961120,-0.19077,
19961127,-0.290463,
19961204,-0.464012,
19961211,-0.509019,
19961218,0.0318171,
19961225,-0.623678,
19970101,-0.887215,
19970108,-0.988473,
19970115,-0.751855,
19970122,-0.721466,
19970129,-0.570468,
19970205,-0.637648,
19970212,-0.703334,
19970219,-0.81743,
19970226,-0.847505,
19970305,-0.362564,
19970312,-0.736088,
19970319,-1.00203,
19970326,-0.874866,
19970402,-0.626668,
19970409,-0.964413,
19970416,-0.886147,
19970423,-0.801428,
19970430,-1.0666,
19970507,-0.984691,
19970514,-0.710466,
19970521,-0.525099,
19970528,-1.2865,
19970604,-1.00025,
19970611,-0.868493,
19970618,-0.84403,
19970625,-0.855001,
19970702,-0.645706,
19970709,-0.510179,
19970716,-0.620093,
19970723,-0.750222,
19970730,-0.592514,
19970806,-0.577996,
19970813,-0.676789,
19970820,-0.278744,
19970827,-0.312005,
19970903,-0.0335493,
19970910,-0.314009,
19970917,-0.212875,
19970924,-0.204507,
19971001,0.15709,
19971008,0.0818604,
19971015,0.445654,
19971022,0.553124,
19971029,0.533341,
19971105,0.698204,
19971112,0.856998,
19971119,0.731106,
19971126,0.412241,
19971203,0.889407,
19971210,0.929034,
19971217,0.844439,
19971224,0.744409,
19971231,0.751472,
19980107,0.789413,
19980114,0.936752,
19980121,0.649252,
19980128,0.677774,
19980204,0.502832,
19980211,0.368983,
19980218,0.708683,
19980225,0.505922,
19980304,0.37643,
19980311,0.395979,
19980318,0.482048,
19980325,0.414447,
19980401,0.230784,
19980408,0.335928,
19980415,0.395093,
19980422,0.46079,
19980429,0.512951,
19980506,0.391004,
19980513,0.286999,
19980520,0.345987,
19980527,0.38535,
19980603,0.311265,
19980610,0.389782,
19980617,0.333123,
19980624,0.451737,
19980701,0.509569,
19980708,0.43705,
19980715,0.480267,
19980722,0.548014,
19980729,0.322877,
19980805,0.0573915,
19980812,0.0593873,
19980819,0.0566076,
19980826,0.104563,
19980902,0.104007,
19980909,0.0410574,
19980916,0.0338298,
19980923,0.138585,
19980930,0.121639,
19981007,-0.09145,
19981014,0.111547,
19981021,-0.195367,
19981028,0.0610544,
19981104,0.143506,
19981111,0.358172,
19981118,0.120932,
19981125,0.0810373,
19981202,-0.0224907,
19981209,-0.123407,
19981216,-0.0820839,
19981223,-0.233532,
19981230,-0.205225,
19990106,-0.468333,
19990113,-0.46342,
19990120,-0.285105,
19990127,-0.138259,
19990203,-0.104205,
19990210,-0.187456,
19990217,-0.224997,
19990224,-0.192114,
19990303,-0.108324,
19990310,0.0256962,
19990317,0.0815982,
19990324,0.06424,
19990331,-0.119222,
19990407,0.263307,
19990414,0.513297,
19990421,0.454156,
19990428,0.233458,
19990505,0.273583,
19990512,0.335703,
19990519,0.430304,
19990526,0.24887,
19990602,0.081808,
19990609,0.127135,
19990616,0.26456,
19990623,0.173529,
19990630,0.346665,
19990707,0.204458,
19990714,0.555539,
19990721,0.50214,
19990728,0.319148,
19990804,0.0349376,
19990811,0.23329,
19990818,0.305148,
19990825,0.16346,
19990901,0.148042,
19990908,0.0258125,
19990915,-0.0605264,
19990922,-0.041968,
19990929,0.0100027,
19991006,-0.00637056,
19991013,0.0555103,
19991020,0.189952,
19991027,0.127572,
19991103,-0.0735499,
19991110,0.113299,
19991117,0.140259,
19991124,0.0182514,
19991201,0.0251405,
19991208,0.139871,
19991215,0.429571,
19991222,0.257867,
19991229,0.134035,
20000105,-0.00196655,
20000112,-0.00477646,
20000119,-0.0552557,
20000126,0.125665,
20000202,0.166115,
20000209,0.122482,
20000216,0.259379,
20000223,0.363073,
20000301,0.24041,
20000308,0.103803,
20000315,0.0494801,
20000322,0.0110237,
20000329,0.103748,
20000405,0.0691182,
20000412,0.23353,
20000419,0.238217,
20000426,0.181571,
20000503,0.151896,
20000510,0.0571716,
20000517,0.260878,
20000524,0.214199,
20000531,0.150157,
20000607,0.219395,
20000614,0.0889702,
20000621,-0.0138468,
20000628,-0.0390679,
20000705,-0.205603,
20000712,-0.00742644,
20000719,-0.136273,
20000726,-0.0194192,
20000802,-0.100912,
20000809,0.0961623,
20000816,0.315578,
20000823,0.0137633,
20000830,-0.118643,
20000906,-0.0559855,
20000913,-0.00918631,
20000920,-0.0552976,
20000927,-0.0450853,
20001004,0.007542,
20001011,-0.09591,
20001018,0.0497761,
20001025,0.0837645,
20001101,-0.0248763,
20001108,0.0627769,
20001115,-0.152063,
20001122,-0.0879856,
20001129,-0.121768,
20001206,-0.299897,
20001213,-0.342285,
20001220,-0.239059,
20001227,-0.206528,
20010103,-0.218271,
20010110,-0.145381,
20010117,-0.239934,
20010124,-0.0913637,
20010131,-0.148997,
20010207,-0.404615,
20010214,-0.149966,
20010221,-0.154248,
20010228,-0.115795,
20010307,-0.101607,
20010314,-0.0779449,
20010321,0.0958065,
20010328,0.0844745,
20010404,0.0804697,
20010411,0.159642,
20010418,0.119388,
20010425,0.169743,
20010502,0.295633,
20010509,0.328299,
20010516,0.335415,
20010523,0.469288,
20010530,0.345404,
20010606,0.171283,
20010613,0.0691534,
20010620,0.102477,
20010627,0.289344,
20010704,0.035294,
20010711,-0.13791,
20010718,-0.202327,
20010725,-0.213468,
20010801,-0.00955662,
20010808,-0.077704,
20010815,-0.0618021,
20010822,-0.128344,
20010829,-0.337364,
20010905,-0.330019,
20010912,-0.144534,
20010919,-0.193321,
20010926,-0.246722,
20011003,-0.128312,
20011010,-0.0531573,
20011017,0.0450573,
20011024,-0.11411,
20011031,0.0250121,
20011107,-0.00984697,
20011114,-0.0450634,
20011121,-0.116516,
20011128,-0.201594,
20011205,-0.212444,
20011212,-0.25158,
20011219,-0.349858,
20011226,-0.465639,
20020102,-0.487841,
20020109,-0.269886,
20020116,-0.212706,
20020123,-0.364978,
20020130,-0.356326,
20020206,-0.383522,
20020213,-0.383103,
20020220,-0.450977,
20020227,-0.340665,
20020306,-0.199498,
20020313,0.02966,
20020320,0.0020623,
20020327,0.0548192,
20020403,0.183471,
20020410,0.159791,
20020417,0.253913,
20020424,0.199956,
20020501,0.364712,
20020508,0.436116,
20020515,0.299618,
20020522,0.182295,
20020529,0.282833,
20020605,0.13527,
20020612,-0.0528024,
20020619,0.0206402,
20020626,-0.0435789,
20020703,-0.193652,
20020710,-0.183911,
20020717,-0.146459,
20020724,-0.154413,
20020731,-0.118563,
20020807,0.223815,
20020814,-0.0647683,
20020821,-0.502403,
20020828,-0.7804,
20020904,-0.340331,
20020911,-0.301684,
20020918,-0.329675,
20020925,-0.132611,
20021002,-0.214127,
20021009,-0.143356,
20021016,-0.153484,
20021023,0.0556483,
20021030,-0.0925683,
20021106,-0.292829,
20021113,-0.339308,
20021120,-0.415327,
20021127,-0.406276,
20021204,-0.108177,
20021211,-0.200749,
20021218,0.0226034,
20021225,0.134631,
20030101,0.0989986,
20030108,0.127521,
20030115,0.177622,
20030122,0.26556,
20030129,0.248575,
20030205,0.230014,
20030212,0.36758,
20030219,0.466297,
20030226,0.660062,
20030305,0.594286,
20030312,0.660553,
20030319,0.31685,
20030326,0.423925,
20030402,0.411628,
20030409,0.317185,
20030416,0.247162,
20030423,0.195081,
20030430,0.199125,
20030507,0.266316,
20030514,0.0405488,
20030521,-0.0356158,
20030528,0.0298484,
20030604,-0.0933972,
20030611,-0.410343,
20030618,-0.0904085,
20030625,0.243953,
20030702,0.116605,
20030709,0.407134,
20030716,0.219373,
20030723,0.221315,
20030730,0.383369,
20030806,0.474007,
20030813,0.440074,
20030820,0.493374,
20030827,0.371008,
20030903,0.401915,
20030910,0.264673,
20030917,0.402473,
20030924,0.338539,
20031001,0.428107,
20031008,0.369388,
20031015,0.330407,
20031022,0.411893,
20031029,0.420724,
20031105,0.518503,
20031112,0.510326,
20031119,0.380387,
20031126,0.451354,
20031203,0.337991,
20031210,0.5338,
20031217,0.439579,
20031224,0.559549,
20031231,0.33319,
20040107,0.221785,
20040114,0.297162,
20040121,0.19958,
20040128,0.300804,
20040204,0.0905729,
20040211,-0.03007,
20040218,-0.0796018,
20040225,-0.119777,
20040303,-0.182444,
20040310,-0.162522,
20040317,-0.284585,
20040324,-0.39321,
20040331,-0.411847,
20040407,-0.509546,
20040414,-0.56451,
20040421,-0.415244,
20040428,-0.501536,
20040505,-0.335672,
20040512,-0.472958,
20040519,-0.474959,
20040526,-0.301946,
20040602,-0.136753,
20040609,-0.278178,
20040616,-0.386777,
20040623,-0.36921,
20040630,-0.333971,
20040707,-0.362641,
20040714,-0.0628392,
20040721,0.0475794,
20040728,0.0467509,
20040804,-0.0408923,
20040811,0.102694,
20040818,0.00806659,
20040825,-0.0316372,
20040901,0.298093,
20040908,0.150978,
20040915,0.229077,
20040922,0.0156096,
20040929,0.157135,
20041006,-0.122017,
20041013,-0.262416,
20041020,-0.188871,
20041027,-0.221307,
20041103,-0.213214,
20041110,-0.133358,
20041117,-0.0449403,
20041124,0.0834089,
20041201,0.176056,
20041208,0.240637,
20041215,0.109845,
20041222,0.227999,
20041229,0.173675,
20050105,0.339348,
20050112,0.448601,
20050119,0.460276,
20050126,0.608661,
20050202,0.616269,
20050209,0.43414,
20050216,0.618302,
20050223,0.491205,
20050302,0.592381,
20050309,0.441445,
20050316,0.313718,
20050323,0.466065,
20050330,0.311056,
20050406,0.29982,
20050413,-0.21083,
20050420,0.0548009,
20050427,-0.0988829,
20050504,0.0447275,
20050511,-0.254191,
20050518,-0.433668,
20050525,-0.308452,
20050601,-0.537362,
20050608,-0.51955,
20050615,-0.499258,
20050622,-0.547028,
20050629,-0.38238,
20050706,-0.482994,
20050713,-0.380024,
20050720,-0.323301,
20050727,-0.275539,
20050803,-0.119102,
20050810,-0.107187,
20050817,-0.166481,
20050824,-0.131235,
20050831,-0.297916,
20050907,-0.198385,
20050914,-0.150737,
20050921,0.0132079,
20050928,-0.0423748,
20051005,-0.100352,
20051012,-0.152741,
20051019,0.0654736,
20051026,0.0227813,
20051102,0.0971999,
20051109,-0.0129005,
20051116,-0.136869,
20051123,-0.119844,
20051130,-0.121371,
20051207,-0.170908,
20051214,-0.101027,
20051221,-0.0548536,
20051228,-0.196882,
20060104,-0.261153,
20060111,-0.280559,
20060118,-0.195526,
20060125,-0.133572,
20060201,0.0326825,
20060208,-0.0214093,
20060215,0.193945,
20060222,0.307123,
20060301,0.592774,
20060308,0.50131,
20060315,0.44482,
20060322,0.187933,
20060329,0.292652,
20060405,0.249015,
20060412,0.398041,
20060419,0.2919,
20060426,0.175113,
20060503,0.29197,
20060510,0.156078,
20060517,0.302145,
20060524,0.367583,
20060531,0.466053,
20060607,0.356653,
20060614,0.507329,
20060621,0.333873,
20060628,0.487416,
20060705,0.308345,
20060712,0.334487,
20060719,0.347526,
20060726,0.210337,
20060802,0.200966,
20060809,0.272183,
20060816,0.091405,
20060823,0.161176,
20060830,0.185402,
20060906,0.213119,
20060913,0.202951,
20060920,0.0485788,
20060927,0.120429,
20061004,0.0806819,
20061011,0.0195626,
20061018,0.198573,
20061025,0.0348425,
20061101,0.11152,
20061108,0.0918375,
20061115,0.107509,
20061122,-0.0989671,
20061129,0.1302,
20061206,0.208723,
20061213,0.180911,
20061220,0.0468664,
20061227,0.112759,
20070103,0.135752,
20070110,0.0196776,
20070117,0.0645796,
20070124,0.229753,
20070131,0.355351,
20070207,0.318328,
20070214,0.0336668,
20070221,-0.100802,
20070228,0.0164688,
20070307,-0.122514,
20070314,-0.02818,
20070321,0.160944,
20070328,0.241376,
20070404,0.158035,
20070411,0.309588,
20070418,0.13806,
20070425,0.251428,
20070502,-0.0256294,
20070509,0.173102,
20070516,0.19003,
20070523,0.108923,
20070530,0.311298,
20070606,0.295845,
20070613,0.292342,
20070620,0.187535,
20070627,0.00483479,
20070704,-0.0111967,
20070711,0.0668231,
20070718,0.0924919,
20070725,0.049448,
20070801,-0.0782446,
20070808,-0.146302,
20070815,-0.0439511,
20070822,-0.115571,
20070829,0.0200678,
20070905,-0.0970746,
20070912,-0.0114111,
20070919,0.234279,
20070926,0.137879,
20071003,0.0167452,
20071010,-0.183295,
20071017,-0.250971,
20071024,-0.0542418,
20071031,-0.0264644,
20071107,0.0234992,
20071114,-0.0201372,
20071121,-0.0717933,
20071128,-0.153344,
20071205,0.0554475,
20071212,0.049127,
20071219,-0.0648402,
20071226,0.080728,
20080102,0.0309336,
20080109,-0.0192562,
20080116,-0.0163835,
20080123,0.0552209,
20080130,0.315416,
20080206,0.325911,
20080213,0.350278,
20080220,0.34895,
20080227,0.503176,
20080305,0.489811,
20080312,0.747432,
20080319,0.600904,
20080326,0.623944,
20080402,0.631524,
20080409,0.514249,
20080416,0.578137,
20080423,0.686589,
20080430,0.651499,
20080507,0.684341,
20080514,0.738078,
20080521,0.795416,
20080528,0.720446,
20080604,0.508455,
20080611,0.476795,
20080618,0.596022,
20080625,0.495614,
20080702,0.547248,
20080709,0.495696,
20080716,0.560483,
20080723,0.246554,
20080730,0.365605,
20080806,0.53556,
20080813,0.233377,
20080820,0.265946,
20080827,0.183648,
20080903,0.175063,
20080910,0.0130494,
20080917,0.0920208,
20080924,0.168445,
20081001,0.105064,
20081008,-0.00924733,
20081015,0.210182,
20081022,0.071706,
20081029,0.127958,
20081105,0.101618,
20081112,0.103577,
20081119,-0.0196696,
20081126,0.0111323,
20081203,-0.130534,
20081210,0.220349,
20081217,0.40958,
20081224,0.339344,
20081231,0.164856,
20090107,0.150341,
20090114,0.0899224,
20090121,0.118079,
20090128,0.488942,
20090204,0.345373,
20090211,0.30635,
20090218,0.154479,
20090225,0.258545,
20090304,0.374683,
20090311,0.464506,
20090318,0.544707,
20090325,0.578937,
20090401,0.657342,
20090408,0.738326,
20090415,0.515779,
20090422,0.461711,
20090429,0.728478,
20090506,0.856346,
20090513,0.69368,
20090520,0.743169,
20090527,0.792076,
20090603,0.515809,
20090610,0.367997,
20090617,0.469665,
20090624,0.369039,
20090701,0.312602,
20090708,0.202062,
20090715,0.0648634,
20090722,0.0928174,
20090729,0.159893,
20090805,0.160403,
20090812,0.103245,
20090819,-0.00112744,
20090826,-0.0265514,
20090902,0.266257,
20090909,-0.0172382,
20090916,0.0182711,
20090923,0.14282,
20090930,0.0974374,
20091007,0.374737,
20091014,0.190037,
20091021,0.131495,
20091028,0.13125,
20091104,0.0959053,
20091111,0.201266,
20091118,0.0584838,
20091125,0.0623024,
20091202,0.253851,
20091209,0.268791,
20091216,0.496762,
20091223,0.515903,
20091230,0.550134,
20100106,0.596669,
20100113,0.604492,
20100120,0.744374,
20100127,0.699491,
20100203,0.498058,
20100210,0.545439,
20100217,0.521323,
20100224,0.484145,
20100303,0.710582,
20100310,0.935572,
20100317,0.781833,
20100324,0.999222,
20100331,0.914135,
20100407,0.881486,
20100414,0.764745,
20100421,0.592031,
20100428,0.40711,
20100505,0.40381,
20100512,0.479199,
20100519,0.46224,
20100526,0.656166,
20100602,0.712586,
20100609,0.734889,
20100616,0.610314,
20100623,0.554033,
20100630,0.449321,
20100707,0.486969,
20100714,0.407965,
20100721,0.172418,
20100728,0.152452,
20100804,-0.0621527,
20100811,-0.0447878,
20100818,0.227901,
20100825,0.2383,
20100901,0.241346,
20100908,0.120675,
20100915,0.0548077,
20100922,0.0510191,
20100929,-0.11203,
20101006,0.233525,
20101013,0.196637,
20101020,0.190196,
20101027,0.326744,
20101103,0.253302,
20101110,0.326195,
20101117,0.242628,
20101124,0.160757,
20101201,0.0736249,
20101208,0.205472,
20101215,0.19875,
20101222,0.12999,
20101229,0.210863,
20110105,0.189444,
20110112,0.295678,
20110119,0.367366,
20110126,0.311856,
20110202,0.649001,
20110209,0.679553,
20110216,0.397114,
20110223,0.447116,
20110302,0.612158,
20110309,0.605713,
20110316,0.396737,
20110323,0.591236,
20110330,0.81494,
20110406,0.674615,
20110413,0.705974,
20110420,0.559811,
20110427,0.435111,
20110504,0.366465,
20110511,0.376796,
20110518,0.256629,
20110525,0.179497,
20110601,0.141998,
20110608,0.107818,
20110615,0.0646322,
20110622,-0.10157,
20110629,0.00406711,
20110706,-0.248668,
20110713,0.068974,
20110720,0.393605,
20110727,0.120027,
20110803,-0.0732688,
20110810,0.265617,
20110817,0.194115,
20110824,0.0412947,
20110831,-0.0474605,
20110907,0.1315,
20110914,-0.0224541,
20110921,-0.0845969,
20110928,-0.0907249,
20111005,0.115045,
20111012,0.0981569,
20111019,-0.00128358,
20111026,0.0712358,
20111102,-0.027354,
20111109,-0.112594,
20111116,-0.139319,
20111123,-0.364637,
20111130,-0.515595,
20111207,-0.595534,
20111214,-0.666472,
20111221,-0.737047,
20111228,-0.969062,
20120104,-0.997762,
20120111,-0.778649,
20120118,-0.735712,
20120125,-0.551151,
20120201,-0.712592,
20120208,-0.893388,
20120215,-0.553743,
20120222,-0.552811,
20120229,-0.307105,
20120307,-0.117784,
20120314,-0.308096,
20120321,-0.284579,
20120328,-0.148327,
20120404,-0.059585,
20120411,-0.516664,
20120418,-0.404542,
20120425,-0.364333,
20120502,-0.404711,
20120509,-0.125169,
20120516,-0.241713,
20120523,0.0329392,
20120530,-0.110916,
20120606,-0.313659,
20120613,-0.265514,
20120620,-0.263808,
20120627,-0.310225,
20120704,-0.134409,
20120711,-0.427021,
20120718,-0.277812,
20120725,-0.347191,
20120801,-0.450226,
20120808,-0.15896,
20120815,-0.247891,
20120822,-0.444918,
20120829,-0.360854,
20120905,-0.408388,
20120912,-0.157708,
20120919,-0.397934,
20120926,-0.330792,
20121003,-0.41043,
20121010,-0.347253,
20121017,-0.476048,
20121024,-0.317401,
20121031,-0.363354,
20121107,-0.299264,
20121114,-0.224641,
20121121,-0.246303,
20121128,-0.203127,
20121205,-0.317559,
20121212,-0.203792,
20121219,0.0507935,
20121226,0.214585,
20130102,0.0680706,
20130109,0.135467,
20130116,0.0965695,
20130123,0.0514243,
20130130,0.26589,
20130206,0.183793,
20130213,0.0383153,
20130220,-0.11721,
20130227,-0.111709,
20130306,-0.0520346,
20130313,-0.00436186,
20130320,0.0771572,
20130327,0.239467,
20130403,0.110163,
20130410,0.199509,
20130417,0.188302,
20130424,0.192511,
20130501,0.372196,
20130508,0.407289,
20130515,0.115807,
20130522,0.173983,
20130529,0.148153,
20130605,0.13688,
20130612,-0.0822275,
20130619,-0.103766,
20130626,0.0168184,
20130703,0.0637573,
20130710,-0.134082,
20130717,-0.0295478,
20130724,-0.0879204,
20130731,-0.0892701,
20130807,0.00741825,
20130814,-0.00255852,
20130821,0.088967,
20130828,0.0564745,
20130904,-0.0983175,
20130911,-0.258564,
20130918,-0.289482,
20130925,-0.213876,
20131002,-0.131756,
20131009,-0.202856,
20131016,-0.137197,
20131023,-0.209604,
20131030,-0.155275,
20131106,-0.265817,
20131113,-0.378056,
20131120,-0.25345,
20131127,-0.306211,
20131204,-0.184413,
20131211,-0.132945,
20131218,-0.241917,
20131225,0.068107,
20140101,0.00658867,
20140108,0.0134446,
20140115,0.0406891,
20140122,-0.199799,
20140129,-0.121697,
20140205,0.0686475,
20140212,0.0923812,
20140219,0.592679,
20140226,0.294065,
20140305,0.191407,
20140312,0.0975293,
20140319,0.250862,
20140326,0.135491,
20140402,0.201592,
20140409,0.200809,
20140416,0.218795,
20140423,0.289653,
20140430,0.492694,
20140507,0.53341,
20140514,0.508328,
20140521,0.374356,
20140528,0.513886,
20140604,0.533471,
20140611,0.435782,
20140618,0.23927,
20140625,0.237424,
20140702,0.161699,
20140709,-0.0655403,
20140716,0.144945,
20140723,-0.185827,
20140730,-0.248168,
20140806,-0.291588,
20140813,-0.127995,
20140820,0.123356,
20140827,-0.0504196,
20140903,-0.0348503,
20140910,-0.106826,
20140917,-0.165799,
20140924,-0.0463098,
20141001,0.0814716,
20141008,-0.024401,
20141015,0.0763511,
20141022,-0.0301113,
20141029,-0.167994,
20141105,-0.540773,
20141112,-0.41966,
20141119,-0.341157,
20141126,-0.245629,
20141203,-0.345154,
20141210,-0.347203,
20141217,-0.356794,
20141224,-0.314494,
20141231,-0.444406,
20150107,0.189159,
20150114,0.0756847,
20150121,0.0429234,
20150128,0.608197,
20150204,0.388402,
20150211,0.303694,
20150218,0.0565412,
20150225,0.0995101,
20150304,0.0399678,
20150311,0.0822057,
20150318,0.176663,
20150325,0.189151,
20150401,0.444665,
20150408,0.460439,
20150415,0.199567,
20150422,0.331416,
20150429,0.383685,
20150506,0.55039,
20150513,0.65014,
20150520,0.318125,
20150527,0.197983,
20150603,0.284616,
20150610,0.122336,
20150617,0.0641811,
20150624,-0.260504,
20150701,-0.177709,
20150708,-0.0981997,
20150715,0.00620566,
20150722,-0.365507,
20150729,-0.542897,
20150805,-0.427149,
20150812,-0.231822,
20150819,-0.49856,
20150826,-0.521655,
20150902,-0.556832,
20150909,-0.204675,
20150916,-0.33492,
20150923,-0.218115,
20150930,-0.156363,
20151007,-0.0286136,
20151014,-0.0378772,
20151021,-0.0153207,
20151028,0.0026421,
20151104,0.118991,
20151111,0.263431,
20151118,0.0566757,
20151125,0.0685046,
20151202,0.347271,
20151209,0.623063,
20151216,0.631472,
20151223,0.267491,
20151230,0.445212,
20160106,0.494948,
20160113,0.62899,
20160120,0.817739,
20160127,0.852552,
20160203,0.452798,
20160210,0.679307,
20160217,0.73631,
20160224,0.410776,
20160302,0.573887,
20160309,0.478192,
20160316,0.46941,
20160323,0.422671,
20160330,0.188738,
20160406,0.18784,
20160413,0.414328,
20160420,0.230178,
20160427,0.293949,
20160504,0.171159,
20160511,0.214778,
20160518,0.291831,
20160525,-0.0199154,
20160601,0.348323,
20160608,0.249162,
20160615,0.412036,
20160622,0.770175,
20160629,0.63824,
20160706,0.57514,
20160713,0.434058,
20160720,0.487073,
20160727,0.37543,
20160803,0.276107,
20160810,0.29611,
20160817,0.297167,
20160824,0.236753,
20160831,0.324201,
20160907,0.100022,
20160914,-0.0538746,
20160921,0.0942623,
20160928,0.0674668,
20161005,0.140252,
20161012,0.190228,
20161019,0.313234,
20161026,0.0616836,
20161102,0.244856,
20161109,-0.141507,
20161116,0.197175,
20161123,0.549304,
20161130,0.482196,
20161207,0.465997,
20161214,0.657421,
20161221,0.496609,
20161228,0.468691,
20170104,0.52275,
20170111,0.379795,
20170118,0.539318,
20170125,0.364104,
20170201,0.207047,
20170208,0.140856,
20170215,0.0352738,
20170222,0.104435,
20170301,0.134616,
20170308,0.22797,
20170315,0.273499,
20170322,0.13268,
20170329,0.196037,
20170405,0.22377,
20170412,0.472706,
20170419,0.309486,
20170426,0.427274,
20170503,0.279189,
20170510,0.376161,
20170517,-0.255009,
20170524,0.58872,
20170531,0.665954,
20170607,0.719772,
20170614,0.395149,
20170621,0.686884,
20170628,0.104467,
20170705,-0.122929,
20170712,0.300798,
20170719,0.0969834,
20170726,0.0473157,
20170802,0.0506387,
20170809,-0.209191,
20170816,0.485439,
20170823,0.323572,
20170830,0.624799,
20170906,0.247414,
20170913,-0.169292,
20170920,0.0644069,
20170927,0.0893469,
20171004,0.046148,
20171011,0.484019,
20171018,0.28606,
20171025,0.0913182,
20171101,0.0491061,
20171108,0.134094,
20171115,0.134493,
20171122,-0.168653,
20171129,0.101045,
20171206,0.0294585,
20171213,-0.417374,
20171220,-0.589928,
20171227,-0.11046,
20180103,-0.0832798,
20180110,0.0411288,
20180117,-0.0531648,
20180124,-0.0368837,
20180131,-0.0379021,
20180207,-0.115674,
20180214,-0.108033,
20180221,-0.404971,
20180228,-0.390857,
20180307,-0.0734383,
20180314,-0.213565,
20180321,-0.5051,
20180328,-0.168638,
20180404,-0.0675077,
20180411,0.0288645,
20180418,0.114025,
20180425,0.156444,
20180502,0.147406,
20180509,-0.184963,
20180516,0.120037,
20180523,0.0829763,
20180530,-0.0348271,
20180606,-0.0160951,
20180613,0.257303,
20180620,0.371749,
20180627,0.404337,
20180704,0.0804651,
20180711,0.0407624,
20180718,0.220466,
20180725,-0.24536,
20180801,0.00408754,
20180808,-0.658132,
20180815,-0.179919,
20180822,0.0532479,
20180829,-0.194521,
20180905,-0.422458,
20180912,0.0741124,
20180919,0.0181203,
20180926,-0.186888,
20181003,-0.0398369,
20181010,-0.118361,
20181017,0.0594,
20181024,0.27681,
20181031,0.248897,
20181107,-0.207225,
20181114,0.0866837,
20181121,0.0632567,
20181128,0.0797623,
20181205,0.239041,
20181212,0.198232,
20181219,0.419373,
20181226,0.165571,
20190102,0.222395,
20190109,-0.10466,
20190116,0.0390768,
20190123,0.565034,
20190130,0.444281,
20190206,0.367436,
20190213,0.0410349,
20190220,0.523317,
20190227,0.385597,
20190306,0.310694,
20190313,0.781928,
20190320,1.0545,
20190327,1.01236,
20190403,1.04441,
20190410,0.934163,
20190417,0.400396,
20190424,0.302322,
20190501,0.397147,
20190508,0.324997,
20190515,0.173003,
20190522,0.201747,
20190529,0.434677,
20190605,-0.105305,
20190612,0.270105,
20190619,0.109594,
20190626,0.0522384,
20190703,-0.283049,
20190710,-0.145636,
20190717,0.238404,
20190724,-0.114647,
20190731,0.365596,
20190807,0.150577,
20190814,-0.514158,
20190821,-0.358061,
20190828,-0.799841,
20190904,-0.398596,
20190911,-0.149093,
20190918,0.23138,
20190925,0.0036104,
20191002,0.167583,
20191009,-0.510629,
20191016,0.0279359,
20191023,-0.0923174,
20191030,0.469975,
20191106,0.150381,
20191113,0.618888,
20191120,0.881837,
20191127,1.12514,
20191204,0.566105,
20191211,1.11371,
20191218,0.521499,
20191225,1.07561,
20200101,0.739575,
20200108,1.33632,
20200115,1.40142,
20200122,1.11579,
20200129,1.3065,
20200205,1.03367,
20200212,0.308381,
20200219,0.384398,
20200226,0.362319,
20200304,0.657167,
20200311,1.11587,
20200318,0.779506,
20200325,0.721907,
20200401,0.688766,
20200408,0.118436,
20200415,0.0364228,
